C1,banner_pos,C14,C15,C16,C17,C18,C19,C20,C21
1005,1,16920,320,50,1899,0,431,100077,117
1002,0,17212,300,250,1887,3,39,-1,23
1010,7,15698,216,36,1722,2,35,100181,79
1012,4,22221,728,480,2560,1,43,100084,61
1007,2,16615,480,90,1863,,803,100083,221
1001,5,21835,120,320,2523,,47,100004,229
1008,3,15705,1024,20,2726,,1327,100189,52
,,15704,768,768,2716,,161,100111,71
,,23804,,1024,2684,,297,100176,32
,,23725,,,2424,,299,100148,91
,,23438,,,2480,,167,100074,212
,,21189,,,2676,,171,100156,157
,,21611,,,423,,175,100075,51
,,23222,,,2043,,33,100191,15
,,4687,,,2495,,419,100193,16
,,17914,,,2526,,681,100081,43
,,15707,,,2260,,687,100028,101
,,21691,,,761,,38,100031,48
,,21883,,,2688,,673,100205,33
,,19733,,,2507,,41,100076,42
,,21877,,,2519,,815,100182,253
,,8330,,,1873,,1063,100188,178
,,23454,,,2695,,163,100131,95
,,21769,,,1800,,1451,100202,246
,,21816,,,2691,,679,100034,76
,,21191,,,2667,,1711,100172,69
,,17016,,,2493,,935,100079,70
,,23539,,,1872,,291,100112,159
,,16208,,,178,,427,100049,100
,,23562,,,2545,,303,100055,112
,,23160,,,2624,,169,100013,82
,,21665,,,1934,,811,100000,94
,,17014,,,2682,,551,100151,13
,,1038,,,2524,,801,100173,46
,,22102,,,2201,,1315,100103,182
,,22700,,,1895,,809,100117,68
,,17037,,,2502,,559,100241,17
,,23405,,,2229,,547,100162,156
,,23136,,,1973,,1065,100177,171
,,19251,,,2657,,1319,100217,111
,,20751,,,1769,,813,100020,108
,,21727,,,2537,,1059,100048,110
,,19493,,,1994,,34,100050,35
,,15699,,,2566,,937,100192,204
,,17239,,,2616,,553,100194,90
,,22996,,,2680,,675,100160,20
,,16011,,,2668,,943,100094,251
,,21732,,,2724,,289,100141,126
,,15701,,,2467,,1839,100190,194
,,22022,,,2338,,295,100059,177
,,17654,,,2573,,1575,100199,102
,,22268,,,544,,1071,100105,116
,,22676,,,2333,,1835,100161,104
,,19950,,,2482,,1831,100155,255
,,23369,,,1993,,423,100052,93
,,23165,,,2162,,1583,100170,1
,,15706,,,2283,,45,100228,195
,,23760,,,2683,,290,100061,85
,,21412,,,906,,555,100119,219
,,20388,,,2754,,425,100143,163
,,22315,,,2747,,939,100057,
,,21886,,,2420,,1195,100248,
,,15708,,,2281,,683,100051,
,,6364,,,2227,,417,100171,
,,20362,,,2636,,545,100005,
,,21630,,,2748,,1447,100135,
,,17753,,,2340,,,100233,
,,19016,,,2291,,,100133,
,,20007,,,2323,,,100101,
,,23430,,,2710,,,100200,
,,9478,,,2736,,,100003,
,,21758,,,1780,,,100221,
,,17614,,,1741,,,100046,
,,21893,,,122,,,100144,
,,23722,,,898,,,100113,
,,24034,,,2494,,,100130,
,,23989,,,2619,,,100128,
,,21153,,,2647,,,100212,
,,19998,,,2641,,,100060,
,,19771,,,2264,,,100019,
,,22738,,,2253,,,100062,
,,15702,,,2497,,,100149,
,,22254,,,2665,,,100123,
,,22559,,,2299,,,100210,
,,23993,,,2512,,,100086,
,,20392,,,547,,,100224,
,,21763,,,1752,,,100072,
,,20072,,,2653,,,100001,
,,20251,,,2478,,,100022,
,,21770,,,2546,,,100026,
,,20359,,,2374,,,100106,
,,23649,,,2506,,,100021,
,,23866,,,2577,,,100053,
,,21875,,,2039,,,100041,
,,21413,,,2449,,,100056,
,,20312,,,2286,,,100183,
,,15840,,,2441,,,100040,
,,23161,,,2331,,,100168,
,,463,,,1092,,,100088,
,,9438,,,2496,,,100179,
,,22259,,,2371,,,100073,
,,21759,,,2671,,,100166,
,,23456,,,2325,,,100039,
,,21667,,,2158,,,100065,
,,17017,,,2602,,,100150,
,,22685,,,2351,,,100002,
,,22811,,,479,,,100070,
,,17653,,,1447,,,100185,
,,22767,,,2060,,,100093,
,,19743,,,2717,,,100012,
,,19665,,,686,,,100054,
,,21694,,,2513,,,100244,
,,23143,,,1921,,,100107,
,,17263,,,2742,,,100139,
,,17264,,,572,,,100225,
,,20108,,,2599,,,100097,
,,21789,,,2685,,,100068,
,,22257,,,2450,,,100126,
,,6392,,,2609,,,100215,
,,15908,,,2615,,,100229,
,,22936,,,901,,,100063,
,,20352,,,2369,,,100090,
,,21592,,,2036,,,100091,
,,22110,,,2104,,,100195,
,,20634,,,2654,,,100178,
,,20633,,,2572,,,100037,
,,21768,,,2161,,,100032,
,,22332,,,2528,,,100033,
,,17894,,,2504,,,100025,
,,23224,,,2583,,,100096,
,,16687,,,2709,,,100071,
,,21590,,,2655,,,100098,
,,22815,,,2743,,,100165,
,,1037,,,2487,,,100087,
,,21310,,,1882,,,100114,
,,20019,,,2295,,,100043,
,,21821,,,2515,,,100152,
,,20345,,,2617,,,100100,
,,22267,,,2645,,,100058,
,,21679,,,1974,,,100016,
,,19775,,,1991,,,100206,
,,6393,,,2225,,,100095,
,,16685,,,1248,,,100124,
,,21681,,,2547,,,100099,
,,20984,,,2589,,,100153,
,,23201,,,2613,,,100064,
,,23762,,,549,,,100010,
,,22026,,,2644,,,100029,
,,19454,,,112,,,100024,
,,20289,,,1926,,,100175,
,,18987,,,2440,,,100169,
,,22553,,,2639,,,100121,
,,20355,,,571,,,100137,
,,20508,,,2705,,,100163,
,,17566,,,2601,,,100109,
,,23723,,,2492,,,100108,
,,22106,,,2664,,,100082,
,,13783,,,2348,,,100213,
,,21731,,,2580,,,100122,
,,18093,,,2372,,,100138,
,,23729,,,2627,,,100186,
,,22263,,,2706,,,100027,
,,20001,,,2638,,,100078,
,,7695,,,1272,,,,
,,21762,,,2443,,,,
,,15703,,,1526,,,,
,,22258,,,1823,,,,
,,21790,,,863,,,,
,,17081,,,1702,,,,
,,21853,,,2509,,,,
,,18648,,,2199,,,,
,,23920,,,2681,,,,
,,19772,,,2650,,,,
,,6563,,,2522,,,,
,,22809,,,2649,,,,
,,22523,,,2534,,,,
,,23441,,,2500,,,,
,,21315,,,2278,,,,
,,22602,,,2658,,,,
,,22672,,,2446,,,,
,,9461,,,2741,,,,
,,22624,,,2303,,,,
,,20996,,,1955,,,,
,,17877,,,2481,,,,
,,18489,,,2316,,,,
,,6361,,,1946,,,,
,,20071,,,613,,,,
,,20010,,,2532,,,,
,,21882,,,2498,,,,
,,22948,,,2520,,,,
,,22288,,,153,,,,
,,20596,,,1821,,,,
,,22680,,,2640,,,,
,,21749,,,2550,,,,
,,17893,,,2707,,,,
,,22418,,,2755,,,,
,,21767,,,2505,,,,
,,23642,,,2412,,,,
,,22683,,,2597,,,,
,,22961,,,2727,,,,
,,17875,,,1161,,,,
,,20008,,,1740,,,,
,,22682,,,2729,,,,
,,18092,,,2756,,,,
,,23930,,,2551,,,,
,,21647,,,576,,,,
,,18856,,,2556,,,,
,,20093,,,2648,,,,
,,21803,,,2553,,,,
,,22677,,,2543,,,,
,,22798,,,2576,,,,
,,17747,,,2083,,,,
,,17583,,,2711,,,,
,,16688,,,2271,,,,
,,21724,,,2555,,,,
,,20273,,,2503,,,,
,,22104,,,2708,,,,
,,12000,,,2535,,,,
,,20394,,,2611,,,,
,,22116,,,2181,,,,
,,18602,,,1996,,,,
,,22461,,,2282,,,,
,,22644,,,2425,,,,
,,23650,,,2548,,,,
,,21912,,,2620,,,,
,,22813,,,2476,,,,
,,20346,,,2434,,,,
,,23170,,,2306,,,,
,,22561,,,2672,,,,
,,6397,,,2637,,,,
,,454,,,2489,,,,
,,22246,,,1401,,,,
,,5299,,,2699,,,,
,,22788,,,2610,,,,
,,21878,,,2714,,,,
,,20361,,,2242,,,,
,,22916,,,2284,,,,
,,20632,,,2307,,,,
,,1039,,,2569,,,,
,,23728,,,2565,,,,
,,380,,,2606,,,,
,,21760,,,1835,,,,
,,18934,,,1076,,,,
,,21726,,,2552,,,,
,,21248,,,768,,,,
,,16859,,,1160,,,,
,,21409,,,1809,,,,
,,22756,,,2749,,,,
,,18993,,,2686,,,,
,,22113,,,2600,,,,
,,6557,,,2713,,,,
,,20391,,,2631,,,,
,,23616,,,2725,,,,
,,23100,,,2471,,,,
,,22544,,,2153,,,,
,,21664,,,2554,,,,
,,23141,,,2738,,,,
,,21924,,,2608,,,,
,,22681,,,2570,,,,
,,22117,,,2612,,,,
,,20476,,,2544,,,,
,,22366,,,2698,,,,
,,375,,,2659,,,,
,,20277,,,394,,,,
,,20970,,,1939,,,,
,,22713,,,2700,,,,
,,21761,,,2491,,,,
,,18496,,,2557,,,,
,,22541,,,2429,,,,
,,21666,,,2421,,,,
,,23622,,,2642,,,,
,,22750,,,2428,,,,
,,12470,,,2454,,,,
,,21863,,,2660,,,,
,,21277,,,2728,,,,
,,14265,,,2663,,,,
,,21818,,,2633,,,,
,,16352,,,2607,,,,
,,19216,,,2154,,,,
,,17262,,,2009,,,,
,,22832,,,2439,,,,
,,21687,,,1637,,,,
,,22701,,,2666,,,,
,,22915,,,2533,,,,
,,22120,,,2312,,,,
,,23144,,,2591,,,,
,,21776,,,1884,,,,
,,19668,,,2397,,,,
,,23379,,,827,,,,
,,22923,,,2518,,,,
,,21831,,,2634,,,,
,,23990,,,2574,,,,
,,22920,,,2561,,,,
,,22002,,,2394,,,,
,,21715,,,2531,,,,
,,21827,,,2679,,,,
,,23401,,,2661,,,,
,,19015,,,2587,,,,
,,19986,,,1008,,,,
,,20993,,,2625,,,,
,,23018,,,1685,,,,
,,16858,,,2652,,,,
,,18094,,,2150,,,,
,,21660,,,2745,,,,
,,22993,,,550,,,,
,,22468,,,2720,,,,
,,20366,,,2740,,,,
,,23915,,,2508,,,,
,,20128,,,2510,,,,
,,456,,,2578,,,,
,,17163,,,2427,,,,
,,23730,,,2579,,,,
,,23735,,,1903,,,,
,,21612,,,2646,,,,
,,23540,,,2590,,,,
,,22114,,,2712,,,,
,,20215,,,1972,,,,
,,20009,,,2453,,,,
,,17109,,,2289,,,,
,,20995,,,2285,,,,
,,6991,,,2757,,,,
,,22702,,,2485,,,,
,,16838,,,2571,,,,
,,20213,,,1528,,,,
,,22703,,,2436,,,,
,,21980,,,2462,,,,
,,21747,,,2418,,,,
,,21706,,,1784,,,,
,,21961,,,2582,,,,
,,22757,,,2292,,,,
,,787,,,2603,,,,
,,23737,,,2643,,,,
,,21746,,,1174,,,,
,,16339,,,2435,,,,
,,21589,,,2662,,,,
,,20999,,,2614,,,,
,,18091,,,2592,,,,
,,22765,,,2250,,,,
,,21986,,,196,,,,
,,22554,,,1698,,,,
,,22141,,,2604,,,,
,,23626,,,2721,,,,
,,6558,,,1960,,,,
,,24035,,,2016,,,,
,,21685,,,2304,,,,
,,21751,,,2670,,,,
,,20385,,,1694,,,,
,,22552,,,2279,,,,
,,18854,,,2673,,,,
,,21093,,,2542,,,,
,,23016,,,2715,,,,
,,19776,,,2677,,,,
,,22516,,,2483,,,,
,,23813,,,2675,,,,
,,22487,,,2753,,,,
,,20382,,,2539,,,,
,,22108,,,2527,,,,
,,23835,,,2730,,,,
,,21250,,,2263,,,,
,,20997,,,2651,,,,
,,21822,,,1965,,,,
,,21757,,,2656,,,,
,,24041,,,1426,,,,
,,22149,,,2270,,,,
,,6616,,,1932,,,,
,,23914,,,2735,,,,
,,22193,,,2339,,,,
,,6993,,,2558,,,,
,,22769,,,2530,,,,
,,23139,,,2218,,,,
,,22823,,,832,,,,
,,22165,,,2585,,,,
,,452,,,2630,,,,
,,22994,,,2438,,,,
,,23759,,,2588,,,,
,,22092,,,2536,,,,
,,22324,,,2187,,,,
,,22118,,,2226,,,,
,,21156,,,1507,,,,
,,18311,,,2581,,,,
,,21594,,,2702,,,,
,,21772,,,2598,,,,
,,21801,,,937,,,,
,,14264,,,873,,,,
,,23999,,,2455,,,,
,,22599,,,2674,,,,
,,21682,,,2635,,,,
,,22133,,,2594,,,,
,,21617,,,2722,,,,
,,21678,,,1107,,,,
,,22952,,,2669,,,,
,,16989,,,1255,,,,
,,20214,,,2451,,,,
,,23417,,,2390,,,,
,,18858,,,2479,,,,
,,23660,,,2568,,,,
,,20560,,,2703,,,,
,,22187,,,2689,,,,
,,21739,,,2563,,,,
,,22914,,,1042,,,,
,,6398,,,2101,,,,
,,23434,,,2525,,,,
,,23721,,,2206,,,,
,,23221,,,1141,,,,
,,21155,,,1149,,,,
,,18532,,,872,,,,
,,22414,,,2687,,,,
,,22530,,,2593,,,,
,,20969,,,2501,,,,
,,18095,,,2459,,,,
,,21410,,,2719,,,,
,,20279,,,1515,,,,
,,21743,,,2605,,,,
,,20122,,,2541,,,,
,,23635,,,2678,,,,
,,23755,,,2737,,,,
,,22810,,,644,,,,
,,22514,,,2448,,,,
,,21847,,,2375,,,,
,,22814,,,2511,,,,
,,22009,,,2758,,,,
,,22755,,,2465,,,,
,,20006,,,2084,,,,
,,22007,,,,,,,
,,22090,,,,,,,
,,21764,,,,,,,
,,22939,,,,,,,
,,22633,,,,,,,
,,22611,,,,,,,
,,20365,,,,,,,
,,22816,,,,,,,
,,20477,,,,,,,
,,19143,,,,,,,
,,23647,,,,,,,
,,22189,,,,,,,
,,23561,,,,,,,
,,23172,,,,,,,
,,23368,,,,,,,
,,21894,,,,,,,
,,22684,,,,,,,
,,21832,,,,,,,
,,22261,,,,,,,
,,17661,,,,,,,
,,20003,,,,,,,
,,20005,,,,,,,
,,22937,,,,,,,
,,22924,,,,,,,
,,21196,,,,,,,
,,23754,,,,,,,
,,23168,,,,,,,
,,22161,,,,,,,
,,22820,,,,,,,
,,5296,,,,,,,
,,20635,,,,,,,
,,23138,,,,,,,
,,22951,,,,,,,
,,22686,,,,,,,
,,21566,,,,,,,
,,21836,,,,,,,
,,22822,,,,,,,
,,21234,,,,,,,
,,22331,,,,,,,
,,23625,,,,,,,
,,22191,,,,,,,
,,21273,,,,,,,
,,23163,,,,,,,
,,22371,,,,,,,
,,21561,,,,,,,
,,20148,,,,,,,
,,23194,,,,,,,
,,21913,,,,,,,
,,23204,,,,,,,
,,22742,,,,,,,
,,21278,,,,,,,
,,22950,,,,,,,
,,21653,,,,,,,
,,21401,,,,,,,
,,20011,,,,,,,
,,21869,,,,,,,
,,23553,,,,,,,
,,19421,,,,,,,
,,21591,,,,,,,
,,22614,,,,,,,
,,6559,,,,,,,
,,22745,,,,,,,
,,23709,,,,,,,
,,23639,,,,,,,
,,13644,,,,,,,
,,23712,,,,,,,
,,19592,,,,,,,
,,20015,,,,,,,
,,377,,,,,,,
,,20153,,,,,,,
,,22271,,,,,,,
,,19277,,,,,,,
,,22236,,,,,,,
,,22587,,,,,,,
,,21773,,,,,,,
,,23390,,,,,,,
,,23107,,,,,,,
,,22112,,,,,,,
,,21837,,,,,,,
,,16408,,,,,,,
,,10739,,,,,,,
,,21674,,,,,,,
,,22959,,,,,,,
,,21983,,,,,,,
,,20395,,,,,,,
,,20285,,,,,,,
,,23726,,,,,,,
,,22153,,,,,,,
,,20980,,,,,,,
,,381,,,,,,,
,,20018,,,,,,,
,,22182,,,,,,,
,,22958,,,,,,,
,,22184,,,,,,,
,,9248,,,,,,,
,,22638,,,,,,,
,,22957,,,,,,,
,,20014,,,,,,,
,,18567,,,,,,,
,,21791,,,,,,,
,,22029,,,,,,,
,,22142,,,,,,,
,,22753,,,,,,,
,,19985,,,,,,,
,,22479,,,,,,,
,,16350,,,,,,,
,,22103,,,,,,,
,,6399,,,,,,,
,,16252,,,,,,,
,,22817,,,,,,,
,,22154,,,,,,,
,,22283,,,,,,,
,,22818,,,,,,,
,,24004,,,,,,,
,,21725,,,,,,,
,,22987,,,,,,,
,,22992,,,,,,,
,,18560,,,,,,,
,,23203,,,,,,,
,,23442,,,,,,,
,,22532,,,,,,,
,,21950,,,,,,,
,,23757,,,,,,,
,,23739,,,,,,,
,,23691,,,,,,,
,,23991,,,,,,,
,,22729,,,,,,,
,,23137,,,,,,,
,,22953,,,,,,,
,,22604,,,,,,,
,,22949,,,,,,,
,,23537,,,,,,,
,,20274,,,,,,,
,,21833,,,,,,,
,,16251,,,,,,,
,,23995,,,,,,,
,,22247,,,,,,,
,,23774,,,,,,,
,,21480,,,,,,,
,,21154,,,,,,,
,,20288,,,,,,,
,,21309,,,,,,,
,,23552,,,,,,,
,,18946,,,,,,,
,,22175,,,,,,,
,,6365,,,,,,,
,,19279,,,,,,,
,,7707,,,,,,,
,,20012,,,,,,,
,,23878,,,,,,,
,,21923,,,,,,,
,,22598,,,,,,,
,,20363,,,,,,,
,,22359,,,,,,,
,,21834,,,,,,,
,,23763,,,,,,,
,,20998,,,,,,,
,,22275,,,,,,,
,,19146,,,,,,,
,,23173,,,,,,,
,,23197,,,,,,,
,,22255,,,,,,,
,,22615,,,,,,,
,,22094,,,,,,,
,,22241,,,,,,,
,,23551,,,,,,,
,,22758,,,,,,,
,,18588,,,,,,,
,,18502,,,,,,,
,,23809,,,,,,,
,,23011,,,,,,,
,,23105,,,,,,,
,,6360,,,,,,,
,,23020,,,,,,,
,,23191,,,,,,,
,,4518,,,,,,,
,,22743,,,,,,,
,,18595,,,,,,,
,,22011,,,,,,,
,,21862,,,,,,,
,,17062,,,,,,,
,,21675,,,,,,,
,,19983,,,,,,,
,,23701,,,,,,,
,,23411,,,,,,,
,,22606,,,,,,,
,,13778,,,,,,,
,,22260,,,,,,,
,,22164,,,,,,,
,,20389,,,,,,,
,,7710,,,,,,,
,,20393,,,,,,,
,,23560,,,,,,,
,,23167,,,,,,,
,,20013,,,,,,,
,,22990,,,,,,,
,,21663,,,,,,,
,,21916,,,,,,,
,,24003,,,,,,,
,,22558,,,,,,,
,,21793,,,,,,,
,,18925,,,,,,,
,,21408,,,,,,,
,,22198,,,,,,,
,,21683,,,,,,,
,,22111,,,,,,,
,,22812,,,,,,,
,,22935,,,,,,,
,,22190,,,,,,,
,,21207,,,,,,,
,,21274,,,,,,,
,,18510,,,,,,,
,,18936,,,,,,,
,,21160,,,,,,,
,,22777,,,,,,,
,,21204,,,,,,,
,,23171,,,,,,,
,,22262,,,,,,,
,,22192,,,,,,,
,,23129,,,,,,,
,,22991,,,,,,,
,,20280,,,,,,,
,,21329,,,,,,,
,,21819,,,,,,,
,,21957,,,,,,,
,,21984,,,,,,,
,,22793,,,,,,,
,,22169,,,,,,,
,,23805,,,,,,,
,,23644,,,,,,,
,,22273,,,,,,,
,,23042,,,,,,,
,,23166,,,,,,,
,,22010,,,,,,,
,,21985,,,,,,,
,,4407,,,,,,,
,,23821,,,,,,,
,,10743,,,,,,,
,,23067,,,,,,,
,,23373,,,,,,,
,,22735,,,,,,,
,,22140,,,,,,,
,,23820,,,,,,,
,,21845,,,,,,,
,,19878,,,,,,,
,,21921,,,,,,,
,,22218,,,,,,,
,,22962,,,,,,,
,,23819,,,,,,,
,,21676,,,,,,,
,,22593,,,,,,,
,,23994,,,,,,,
,,18953,,,,,,,
,,22760,,,,,,,
,,22300,,,,,,,
,,21684,,,,,,,
,,17709,,,,,,,
,,21662,,,,,,,
,,21841,,,,,,,
,,21610,,,,,,,
,,22105,,,,,,,
,,21247,,,,,,,
,,14983,,,,,,,
,,22562,,,,,,,
,,21411,,,,,,,
,,21564,,,,,,,
,,20384,,,,,,,
,,22174,,,,,,,
,,19666,,,,,,,
,,22741,,,,,,,
,,22322,,,,,,,
,,23150,,,,,,,
,,21991,,,,,,,
,,17755,,,,,,,
,,23823,,,,,,,
,,20173,,,,,,,
,,23873,,,,,,,
,,20151,,,,,,,
,,21792,,,,,,,
,,23002,,,,,,,
,,21677,,,,,,,
,,22492,,,,,,,
,,21922,,,,,,,
,,23758,,,,,,,
,,19748,,,,,,,
,,16841,,,,,,,
,,22607,,,,,,,
,,21844,,,,,,,
,,22272,,,,,,,
,,18574,,,,,,,
,,22687,,,,,,,
,,16204,,,,,,,
,,23827,,,,,,,
,,22292,,,,,,,
,,22715,,,,,,,
,,16406,,,,,,,
,,21771,,,,,,,
,,23206,,,,,,,
,,20750,,,,,,,
,,17706,,,,,,,
,,22166,,,,,,,
,,8994,,,,,,,
,,23646,,,,,,,
,,13643,,,,,,,
,,22244,,,,,,,
,,23934,,,,,,,
,,22306,,,,,,,
,,6560,,,,,,,
,,20966,,,,,,,
,,6990,,,,,,,
,,23164,,,,,,,
,,21814,,,,,,,
,,21672,,,,,,,
,,23015,,,,,,,
,,21680,,,,,,,
,,23468,,,,,,,
,,23693,,,,,,,
,,23738,,,,,,,
,,22746,,,,,,,
,,23764,,,,,,,
,,23017,,,,,,,
,,21820,,,,,,,
,,16342,,,,,,,
,,23125,,,,,,,
,,22736,,,,,,,
,,22316,,,,,,,
,,22224,,,,,,,
,,20744,,,,,,,
,,23822,,,,,,,
,,21996,,,,,,,
,,23394,,,,,,,
,,24036,,,,,,,
,,21559,,,,,,,
,,21276,,,,,,,
,,21972,,,,,,,
,,21975,,,,,,,
,,23324,,,,,,,
,,23048,,,,,,,
,,23142,,,,,,,
,,21723,,,,,,,
,,22988,,,,,,,
,,9236,,,,,,,
,,23014,,,,,,,
,,12026,,,,,,,
,,20282,,,,,,,
,,21745,,,,,,,
,,19197,,,,,,,
,,22504,,,,,,,
,,22308,,,,,,,
,,21689,,,,,,,
,,10289,,,,,,,
,,21917,,,,,,,
,,21830,,,,,,,
,,20743,,,,,,,
,,22954,,,,,,,
,,22707,,,,,,,
,,22304,,,,,,,
,,16407,,,,,,,
,,17863,,,,,,,
,,23174,,,,,,,
,,15388,,,,,,,
,,21981,,,,,,,
,,20619,,,,,,,
,,23371,,,,,,,
,,18546,,,,,,,
,,22744,,,,,,,
,,19597,,,,,,,
,,22167,,,,,,,
,,24037,,,,,,,
,,22107,,,,,,,
,,22933,,,,,,,
,,23618,,,,,,,
,,22989,,,,,,,
,,23651,,,,,,,
,,21688,,,,,,,
,,22955,,,,,,,
,,13779,,,,,,,
,,21624,,,,,,,
,,21158,,,,,,,
,,22800,,,,,,,
,,22895,,,,,,,
,,21697,,,,,,,
,,21729,,,,,,,
,,19870,,,,,,,
,,23169,,,,,,,
,,18920,,,,,,,
,,16340,,,,,,,
,,23950,,,,,,,
,,23817,,,,,,,
,,17573,,,,,,,
,,22313,,,,,,,
,,23111,,,,,,,
,,22600,,,,,,,
,,6401,,,,,,,
,,23741,,,,,,,
,,22595,,,,,,,
,,22172,,,,,,,
,,23814,,,,,,,
,,23655,,,,,,,
,,21876,,,,,,,
,,6362,,,,,,,
,,23643,,,,,,,
,,22242,,,,,,,
,,23904,,,,,,,
,,23536,,,,,,,
,,21775,,,,,,,
,,22796,,,,,,,
,,21781,,,,,,,
,,22335,,,,,,,
,,22196,,,,,,,
,,21200,,,,,,,
,,23899,,,,,,,
,,21571,,,,,,,
,,23091,,,,,,,
,,7701,,,,,,,
,,13780,,,,,,,
,,20360,,,,,,,
,,20387,,,,,,,
,,22739,,,,,,,
,,22156,,,,,,,
,,21828,,,,,,,
,,22350,,,,,,,
,,6366,,,,,,,
,,18458,,,,,,,
,,22768,,,,,,,
,,22797,,,,,,,
,,19276,,,,,,,
,,23921,,,,,,,
,,20271,,,,,,,
,,21195,,,,,,,
,,19982,,,,,,,
,,20272,,,,,,,
,,23050,,,,,,,
,,22763,,,,,,,
,,16934,,,,,,,
,,19215,,,,,,,
,,22803,,,,,,,
,,22947,,,,,,,
,,22490,,,,,,,
,,23675,,,,,,,
,,21249,,,,,,,
,,23997,,,,,,,
,,17234,,,,,,,
,,18599,,,,,,,
,,23657,,,,,,,
,,21555,,,,,,,
,,22560,,,,,,,
,,19984,,,,,,,
,,22025,,,,,,,
,,21327,,,,,,,
,,20396,,,,,,,
,,13781,,,,,,,
,,24040,,,,,,,
,,23199,,,,,,,
,,22605,,,,,,,
,,12472,,,,,,,
,,23988,,,,,,,
,,20386,,,,,,,
,,22225,,,,,,,
,,21477,,,,,,,
,,17586,,,,,,,
,,21628,,,,,,,
,,20048,,,,,,,
,,21700,,,,,,,
,,22238,,,,,,,
,,23685,,,,,,,
,,23900,,,,,,,
,,22137,,,,,,,
,,21316,,,,,,,
,,22158,,,,,,,
,,20016,,,,,,,
,,22188,,,,,,,
,,24043,,,,,,,
,,22006,,,,,,,
,,21640,,,,,,,
,,23924,,,,,,,
,,23424,,,,,,,
,,20397,,,,,,,
,,20295,,,,,,,
,,22278,,,,,,,
,,19951,,,,,,,
,,21734,,,,,,,
,,12477,,,,,,,
,,21239,,,,,,,
,,23867,,,,,,,
,,23724,,,,,,,
,,18553,,,,,,,
,,20287,,,,,,,
,,21738,,,,,,,
,,23630,,,,,,,
,,23205,,,,,,,
,,21965,,,,,,,
,,18861,,,,,,,
,,22749,,,,,,,
,,22469,,,,,,,
,,23714,,,,,,,
,,21135,,,,,,,
,,16071,,,,,,,
,,22411,,,,,,,
,,22195,,,,,,,
,,13777,,,,,,,
,,22491,,,,,,,
,,22159,,,,,,,
,,21654,,,,,,,
,,18581,,,,,,,
,,22178,,,,,,,
,,23818,,,,,,,
,,22400,,,,,,,
,,21558,,,,,,,
,,24000,,,,,,,
,,22305,,,,,,,
,,20077,,,,,,,
,,21567,,,,,,,
,,18503,,,,,,,
,,23652,,,,,,,
,,22547,,,,,,,
,,21328,,,,,,,
,,22021,,,,,,,
,,23699,,,,,,,
,,22148,,,,,,,
,,22289,,,,,,,
,,22592,,,,,,,
,,19196,,,,,,,
,,23656,,,,,,,
,,22157,,,,,,,
,,19591,,,,,,,
,,21626,,,,,,,
,,13782,,,,,,,
,,21778,,,,,,,
,,22641,,,,,,,
,,21829,,,,,,,
,,22658,,,,,,,
,,23670,,,,,,,
,,21476,,,,,,,
,,22291,,,,,,,
,,23406,,,,,,,
,,22819,,,,,,,
,,22785,,,,,,,
,,22008,,,,,,,
,,14202,,,,,,,
,,22773,,,,,,,
,,22850,,,,,,,
,,21860,,,,,,,
,,22877,,,,,,,
,,21235,,,,,,,
,,22603,,,,,,,
,,22312,,,,,,,
,,21892,,,,,,,
,,21891,,,,,,,
,,23057,,,,,,,
,,23654,,,,,,,
,,23658,,,,,,,
,,21838,,,,,,,
,,23898,,,,,,,
,,21703,,,,,,,
,,21593,,,,,,,
,,15700,,,,,,,
,,21652,,,,,,,
,,24006,,,,,,,
,,16263,,,,,,,
,,21400,,,,,,,
,,21627,,,,,,,
,,22804,,,,,,,
,,22821,,,,,,,
,,22668,,,,,,,
,,22023,,,,,,,
,,18475,,,,,,,
,,23905,,,,,,,
,,23202,,,,,,,
,,22028,,,,,,,
,,23992,,,,,,,
,,20170,,,,,,,
,,22496,,,,,,,
,,22913,,,,,,,
,,22588,,,,,,,
,,22152,,,,,,,
,,19631,,,,,,,
,,22458,,,,,,,
,,22919,,,,,,,
,,22808,,,,,,,
,,21557,,,,,,,
,,22109,,,,,,,
,,1278,,,,,,,
,,20143,,,,,,,
,,23640,,,,,,,
,,15540,,,,,,,
,,23012,,,,,,,
,,22146,,,,,,,
,,21619,,,,,,,
,,22575,,,,,,,
,,23196,,,,,,,
,,22590,,,,,,,
,,21998,,,,,,,
,,11323,,,,,,,
,,22578,,,,,,,
,,22784,,,,,,,
,,23742,,,,,,,
,,21914,,,,,,,
,,22298,,,,,,,
,,15006,,,,,,,
,,21632,,,,,,,
,,23688,,,,,,,
,,21661,,,,,,,
,,21620,,,,,,,
,,23045,,,,,,,
,,23816,,,,,,,
,,17170,,,,,,,
,,12471,,,,,,,
,,22173,,,,,,,
,,8995,,,,,,,
,,6402,,,,,,,
,,21951,,,,,,,
,,21631,,,,,,,
,,22791,,,,,,,
,,21629,,,,,,,
,,21993,,,,,,,
,,22160,,,,,,,
,,23883,,,,,,,
,,22799,,,,,,,
,,22956,,,,,,,
,,22925,,,,,,,
,,22197,,,,,,,
,,7713,,,,,,,
,,23933,,,,,,,
,,22327,,,,,,,
,,17758,,,,,,,
,,22270,,,,,,,
,,23415,,,,,,,
,,21609,,,,,,,
,,23455,,,,,,,
,,23672,,,,,,,
,,21842,,,,,,,
,,18539,,,,,,,
,,22628,,,,,,,
,,23917,,,,,,,
,,21569,,,,,,,
,,20129,,,,,,,
,,21159,,,,,,,
,,22801,,,,,,,
,,23879,,,,,,,
,,22326,,,,,,,
,,24001,,,,,,,
,,24005,,,,,,,
,,21673,,,,,,,
,,23419,,,,,,,
,,21399,,,,,,,
,,23182,,,,,,,
,,20004,,,,,,,
,,23058,,,,,,,
,,24008,,,,,,,
,,19595,,,,,,,
,,19594,,,,,,,
,,21161,,,,,,,
,,23661,,,,,,,
,,16403,,,,,,,
,,22294,,,,,,,
,,20147,,,,,,,
,,16405,,,,,,,
,,22841,,,,,,,
,,19749,,,,,,,
,,21987,,,,,,,
,,22162,,,,,,,
,,17759,,,,,,,
,,22794,,,,,,,
,,21311,,,,,,,
,,15503,,,,,,,
,,22705,,,,,,,
,,21702,,,,,,,
,,22119,,,,,,,
,,22264,,,,,,,
,,23123,,,,,,,
,,6992,,,,,,,
,,21988,,,,,,,
,,20292,,,,,,,
,,21137,,,,,,,
,,23692,,,,,,,
,,19278,,,,,,,
,,23908,,,,,,,
,,23756,,,,,,,
,,20145,,,,,,,
,,22318,,,,,,,
,,7702,,,,,,,
,,22186,,,,,,,
,,21915,,,,,,,
,,22303,,,,,,,
,,19988,,,,,,,
,,20146,,,,,,,
,,21887,,,,,,,
,,21851,,,,,,,
,,21623,,,,,,,
,,22325,,,,,,,
,,23998,,,,,,,
,,23923,,,,,,,
,,16932,,,,,,,
,,18573,,,,,,,
,,22943,,,,,,,
,,22771,,,,,,,
,,23207,,,,,,,
,,23897,,,,,,,
,,16250,,,,,,,
,,21330,,,,,,,
,,22550,,,,,,,
,,16343,,,,,,,
,,23700,,,,,,,
,,21992,,,,,,,
,,17757,,,,,,,
,,22176,,,,,,,
,,22493,,,,,,,
,,20152,,,,,,,
,,18454,,,,,,,
,,24009,,,,,,,
,,22001,,,,,,,
,,22085,,,,,,,
,,21999,,,,,,,
,,22942,,,,,,,
,,22637,,,,,,,
,,21595,,,,,,,
,,17670,,,,,,,
,,22601,,,,,,,
,,23716,,,,,,,
,,23825,,,,,,,
,,22960,,,,,,,
,,22747,,,,,,,
,,22293,,,,,,,
,,21744,,,,,,,
,,22220,,,,,,,
,,23228,,,,,,,
,,21633,,,,,,,
,,23663,,,,,,,
,,22905,,,,,,,
,,21192,,,,,,,
,,19744,,,,,,,
,,22998,,,,,,,
,,23219,,,,,,,
,,8334,,,,,,,
,,21621,,,,,,,
,,21752,,,,,,,
,,22542,,,,,,,
,,22807,,,,,,,
,,21686,,,,,,,
,,21848,,,,,,,
,,21890,,,,,,,
,,15511,,,,,,,
,,22759,,,,,,,
,,22407,,,,,,,
,,21982,,,,,,,
,,24033,,,,,,,
,,22591,,,,,,,
,,23918,,,,,,,
,,22545,,,,,,,
,,23896,,,,,,,
,,8996,,,,,,,
,,22770,,,,,,,
,,21958,,,,,,,
,,22066,,,,,,,
,,22027,,,,,,,
,,22754,,,,,,,
,,22632,,,,,,,
,,22296,,,,,,,
,,21618,,,,,,,
,,15512,,,,,,,
,,22789,,,,,,,
,,15386,,,,,,,
,,15017,,,,,,,
,,22648,,,,,,,
,,21817,,,,,,,
,,22336,,,,,,,
,,21896,,,,,,,
,,22858,,,,,,,
,,22170,,,,,,,
,,22629,,,,,,,
,,23935,,,,,,,
,,23021,,,,,,,
,,24002,,,,,,,
,,14267,,,,,,,
,,21755,,,,,,,
,,21246,,,,,,,
,,18468,,,,,,,
,,21562,,,,,,,
,,23744,,,,,,,
,,23710,,,,,,,
,,23910,,,,,,,
,,23824,,,,,,,
,,7024,,,,,,,
,,20135,,,,,,,
,,21990,,,,,,,
,,23842,,,,,,,
,,19741,,,,,,,
,,22928,,,,,,,
,,23106,,,,,,,
,,21194,,,,,,,
,,10740,,,,,,,
,,17209,,,,,,,
,,7693,,,,,,,
,,22155,,,,,,,
,,21997,,,,,,,
,,23874,,,,,,,
,,23761,,,,,,,
,,22981,,,,,,,
,,23193,,,,,,,
,,21560,,,,,,,
,,22343,,,,,,,
,,13558,,,,,,,
,,19865,,,,,,,
,,22806,,,,,,,
,,23216,,,,,,,
,,21568,,,,,,,
,,23159,,,,,,,
,,1275,,,,,,,
,,15829,,,,,,,
,,23715,,,,,,,
,,9436,,,,,,,
,,22144,,,,,,,
,,23208,,,,,,,
,,17026,,,,,,,
,,23013,,,,,,,
,,23798,,,,,,,
,,22778,,,,,,,
,,21850,,,,,,,
,,18461,,,,,,,
,,21404,,,,,,,
,,13560,,,,,,,
,,23375,,,,,,,
,,15575,,,,,,,
,,23861,,,,,,,
,,21766,,,,,,,
,,20390,,,,,,,
,,23911,,,,,,,
,,23881,,,,,,,
,,22202,,,,,,,
,,15513,,,,,,,
,,23046,,,,,,,
,,22000,,,,,,,
,,17671,,,,,,,
,,22097,,,,,,,
,,6400,,,,,,,
,,23906,,,,,,,
,,23777,,,,,,,
,,11325,,,,,,,
,,21616,,,,,,,
,,9463,,,,,,,
,,15005,,,,,,,
,,20131,,,,,,,
,,21563,,,,,,,
,,21614,,,,,,,
,,22786,,,,,,,
,,20364,,,,,,,
,,23925,,,,,,,
,,21888,,,,,,,
,,21971,,,,,,,
,,22779,,,,,,,
,,22177,,,,,,,
,,20144,,,,,,,
,,15841,,,,,,,
,,22775,,,,,,,
,,23720,,,,,,,
,,15539,,,,,,,
,,22465,,,,,,,
,,23198,,,,,,,
,,18954,,,,,,,
,,22269,,,,,,,
,,22163,,,,,,,
,,22792,,,,,,,
,,22314,,,,,,,
,,21478,,,,,,,
,,21705,,,,,,,
,,21849,,,,,,,
,,23146,,,,,,,
,,23102,,,,,,,
,,23439,,,,,,,
,,22802,,,,,,,
,,23641,,,,,,,
,,22766,,,,,,,
,,23118,,,,,,,
,,19370,,,,,,,
,,21737,,,,,,,
,,22338,,,,,,,
,,23363,,,,,,,
,,23877,,,,,,,
,,22024,,,,,,,
,,21485,,,,,,,
,,9014,,,,,,,
,,23880,,,,,,,
,,22931,,,,,,,
,,22311,,,,,,,
,,15504,,,,,,,
,,23145,,,,,,,
,,23689,,,,,,,
,,22941,,,,,,,
,,22295,,,,,,,
,,22467,,,,,,,
,,22451,,,,,,,
,,23435,,,,,,,
,,23665,,,,,,,
,,21241,,,,,,,
,,21205,,,,,,,
,,23684,,,,,,,
,,22256,,,,,,,
,,23648,,,,,,,
,,22726,,,,,,,
,,21794,,,,,,,
,,22301,,,,,,,
,,21243,,,,,,,
,,21885,,,,,,,
,,22459,,,,,,,
,,22136,,,,,,,
,,23024,,,,,,,
,,22999,,,,,,,
,,23811,,,,,,,
,,15839,,,,,,,
,,20149,,,,,,,
,,22551,,,,,,,
,,22653,,,,,,,
,,22480,,,,,,,
,,23209,,,,,,,
,,23882,,,,,,,
,,22019,,,,,,,
,,21655,,,,,,,
,,23026,,,,,,,
,,21326,,,,,,,
,,18316,,,,,,,
,,22944,,,,,,,
,,19176,,,,,,,
,,22704,,,,,,,
,,21701,,,,,,,
,,23060,,,,,,,
,,21707,,,,,,,
,,22922,,,,,,,
,,23251,,,,,,,
,,22265,,,,,,,
,,22185,,,,,,,
,,19999,,,,,,,
,,20294,,,,,,,
,,21300,,,,,,,
,,22835,,,,,,,
,,22934,,,,,,,
,,22543,,,,,,,
,,15505,,,,,,,
,,23119,,,,,,,
,,23931,,,,,,,
,,15543,,,,,,,
,,23195,,,,,,,
,,19740,,,,,,,
,,23395,,,,,,,
,,9016,,,,,,,
,,23901,,,,,,,
,,23683,,,,,,,
,,22997,,,,,,,
,,22168,,,,,,,
,,21670,,,,,,,
,,23659,,,,,,,
,,22302,,,,,,,
,,23000,,,,,,,
,,14266,,,,,,,
,,20284,,,,,,,
,,22752,,,,,,,
,,19178,,,,,,,
,,16152,,,,,,,
,,23903,,,,,,,
,,10742,,,,,,,
,,22838,,,,,,,
,,23147,,,,,,,
,,19593,,,,,,,
,,13556,,,,,,,
,,21741,,,,,,,
,,20133,,,,,,,
,,1269,,,,,,,
,,23087,,,,,,,
,,18314,,,,,,,
,,21240,,,,,,,
,,23907,,,,,,,
,,18472,,,,,,,
,,15390,,,,,,,
,,22879,,,,,,,
,,23831,,,,,,,
,,18570,,,,,,,
,,23440,,,,,,,
,,22740,,,,,,,
,,22297,,,,,,,
,,23049,,,,,,,
,,22979,,,,,,,
,,23001,,,,,,,
,,23938,,,,,,,
,,22938,,,,,,,
,,23653,,,,,,,
,,12043,,,,,,,
,,22421,,,,,,,
,,18924,,,,,,,
,,22869,,,,,,,
,,22084,,,,,,,
,,15385,,,,,,,
,,22200,,,,,,,
,,23328,,,,,,,
,,19742,,,,,,,
,,20002,,,,,,,
,,15515,,,,,,,
,,22761,,,,,,,
,,22310,,,,,,,
,,23830,,,,,,,
,,23152,,,,,,,
,,22762,,,,,,,
,,23047,,,,,,,
,,21625,,,,,,,
,,22373,,,,,,,
,,21955,,,,,,,
,,23926,,,,,,,
,,17171,,,,,,,
,,20290,,,,,,,
,,23876,,,,,,,
,,22466,,,,,,,
,,21898,,,,,,,
,,22730,,,,,,,
,,22328,,,,,,,
,,21918,,,,,,,
,,21765,,,,,,,
,,23200,,,,,,,
,,21748,,,,,,,
,,23402,,,,,,,
,,7714,,,,,,,
,,22776,,,,,,,
,,22179,,,,,,,
,,23936,,,,,,,
,,23429,,,,,,,
,,7712,,,,,,,
,,23044,,,,,,,
,,8392,,,,,,,
,,20262,,,,,,,
,,20291,,,,,,,
,,21556,,,,,,,
,,14988,,,,,,,
,,23815,,,,,,,
,,20510,,,,,,,
,,22405,,,,,,,
,,23913,,,,,,,
,,23912,,,,,,,
,,22003,,,,,,,
,,21197,,,,,,,
,,23666,,,,,,,
,,23571,,,,,,,
,,21313,,,,,,,
,,17444,,,,,,,
,,22908,,,,,,,
,,1266,,,,,,,
,,22519,,,,,,,
,,21889,,,,,,,
,,23837,,,,,,,
,,23909,,,,,,,
,,15838,,,,,,,
,,22380,,,,,,,
,,22151,,,,,,,
,,451,,,,,,,
,,23770,,,,,,,
,,9803,,,,,,,
,,22764,,,,,,,
,,22222,,,,,,,
,,22860,,,,,,,
,,22549,,,,,,,
,,10738,,,,,,,
,,9437,,,,,,,
,,23043,,,,,,,
,,22126,,,,,,,
,,9335,,,,,,,
,,23865,,,,,,,
,,22362,,,,,,,
,,22656,,,,,,,
,,13555,,,,,,,
,,22857,,,,,,,
,,21979,,,,,,,
,,24042,,,,,,,
,,22783,,,,,,,
,,21774,,,,,,,
,,22728,,,,,,,
,,21777,,,,,,,
,,22147,,,,,,,
,,23550,,,,,,,
,,21995,,,,,,,
,,21795,,,,,,,
,,23153,,,,,,,
,,21956,,,,,,,
,,22904,,,,,,,
,,22586,,,,,,,
,,21812,,,,,,,
,,23765,,,,,,,
,,21570,,,,,,,
,,23919,,,,,,,
,,23674,,,,,,,
,,15827,,,,,,,
,,22115,,,,,,,
,,23996,,,,,,,
,,18493,,,,,,,
,,22655,,,,,,,
,,22805,,,,,,,
,,23937,,,,,,,
,,22790,,,,,,,
,,22787,,,,,,,
,,21202,,,,,,,
,,21331,,,,,,,
,,23447,,,,,,,
,,21698,,,,,,,
,,21954,,,,,,,
,,12469,,,,,,,
,,23403,,,,,,,
,,22639,,,,,,,
,,7023,,,,,,,
,,1272,,,,,,,
,,23376,,,,,,,
,,21671,,,,,,,
,,14985,,,,,,,
,,22737,,,,,,,
,,23902,,,,,,,
,,20617,,,,,,,
,,22280,,,,,,,
,,11993,,,,,,,
,,7708,,,,,,,
,,23444,,,,,,,
,,18947,,,,,,,
,,22851,,,,,,,
,,18529,,,,,,,
,,21201,,,,,,,
,,22290,,,,,,,
,,22795,,,,,,,
,,22299,,,,,,,
,,23895,,,,,,,
,,20286,,,,,,,
,,23624,,,,,,,
,,14136,,,,,,,
,,23342,,,,,,,
,,22980,,,,,,,
,,23210,,,,,,,
,,23404,,,,,,,
,,23148,,,,,,,
,,376,,,,,,,
,,23638,,,,,,,
,,21695,,,,,,,
,,21484,,,,,,,
,,18860,,,,,,,
,,23041,,,,,,,
,,22872,,,,,,,
,,21960,,,,,,,
,,22307,,,,,,,
,,22774,,,,,,,
,,23826,,,,,,,
,,22503,,,,,,,
,,23750,,,,,,,
,,23922,,,,,,,
,,10895,,,,,,,
,,22748,,,,,,,
,,22921,,,,,,,
,,23178,,,,,,,
,,22020,,,,,,,
,,23151,,,,,,,
,,22309,,,,,,,
,,21565,,,,,,,
,,23507,,,,,,,
,,22930,,,,,,,
,,22640,,,,,,,
,,23349,,,,,,,
,,21690,,,,,,,
,,15544,,,,,,,
,,23158,,,,,,,
,,22240,,,,,,,
,,23859,,,,,,,
,,17208,,,,,,,
,,23039,,,,,,,
,,23176,,,,,,,
,,20543,,,,,,,
,,21634,,,,,,,
,,1270,,,,,,,
,,21332,,,,,,,
,,22548,,,,,,,
,,22064,,,,,,,
,,15506,,,,,,,
,,21296,,,,,,,
,,23916,,,,,,,
,,22089,,,,,,,
,,22657,,,,,,,
,,22893,,,,,,,
,,18949,,,,,,,
,,22907,,,,,,,
,,12200,,,,,,,
,,22645,,,,,,,
,,22868,,,,,,,
,,21245,,,,,,,
,,23832,,,,,,,
,,22277,,,,,,,
,,15550,,,,,,,
,,18447,,,,,,,
,,12219,,,,,,,
,,22555,,,,,,,
,,22984,,,,,,,
,,23192,,,,,,,
,,22772,,,,,,,
,,18474,,,,,,,
,,18945,,,,,,,
,,23717,,,,,,,
,,18501,,,,,,,
,,19418,,,,,,,
,,22826,,,,,,,
,,18572,,,,,,,
,,21481,,,,,,,
,,23427,,,,,,,
,,15016,,,,,,,
,,8395,,,,,,,
,,23231,,,,,,,
,,15510,,,,,,,
,,23065,,,,,,,
,,11994,,,,,,,
,,23834,,,,,,,
,,23686,,,,,,,
,,22408,,,,,,,
,,19436,,,,,,,
,,20509,,,,,,,
,,7699,,,,,,,
,,23223,,,,,,,
,,22083,,,,,,,
,,22245,,,,,,,
,,23314,,,,,,,
,,21693,,,,,,,
,,21244,,,,,,,
,,23335,,,,,,,
,,21325,,,,,,,
,,21919,,,,,,,
,,23690,,,,,,,
,,22494,,,,,,,
,,21994,,,,,,,
,,7704,,,,,,,
,,21622,,,,,,,
,,22181,,,,,,,
,,18571,,,,,,,
,,23469,,,,,,,
,,18568,,,,,,,
,,21482,,,,,,,
,,22474,,,,,,,
,,22329,,,,,,,
,,23214,,,,,,,
,,22862,,,,,,,
,,20000,,,,,,,
,,22906,,,,,,,
,,22406,,,,,,,
,,22971,,,,,,,
,,23932,,,,,,,
,,18500,,,,,,,
,,22654,,,,,,,
,,22986,,,,,,,
,,23727,,,,,,,
,,22911,,,,,,,
,,22727,,,,,,,
,,23718,,,,,,,
,,1268,,,,,,,
,,22890,,,,,,,
,,13561,,,,,,,
,,15517,,,,,,,
,,22068,,,,,,,
,,21483,,,,,,,
,,18859,,,,,,,
,,20353,,,,,,,
,,12021,,,,,,,
,,21962,,,,,,,
,,21162,,,,,,,
,,22122,,,,,,,
,,23446,,,,,,,
,,15384,,,,,,,
,,23408,,,,,,,
,,22932,,,,,,,
,,23784,,,,,,,
,,9798,,,,,,,
,,17156,,,,,,,
,,22183,,,,,,,
,,23828,,,,,,,
,,22856,,,,,,,
,,22422,,,,,,,
,,12222,,,,,,,
,,21318,,,,,,,
,,18464,,,,,,,
,,23025,,,,,,,
,,22969,,,,,,,
,,21692,,,,,,,
,,23875,,,,,,,
,,20731,,,,,,,
,,16154,,,,,,,
,,22828,,,,,,,
,,18504,,,,,,,
,,22849,,,,,,,
,,23432,,,,,,,
,,22833,,,,,,,
,,23175,,,,,,,
,,23929,,,,,,,
,,17786,,,,,,,
,,7694,,,,,,,
,,22065,,,,,,,
,,21730,,,,,,,
,,15516,,,,,,,
,,22973,,,,,,,
,,20478,,,,,,,
,,18952,,,,,,,
,,21599,,,,,,,
,,22834,,,,,,,
,,22150,,,,,,,
,,15387,,,,,,,
,,21880,,,,,,,
,,22266,,,,,,,
,,22902,,,,,,,
,,23606,,,,,,,
,,18432,,,,,,,
,,23687,,,,,,,
,,23637,,,,,,,
,,22636,,,,,,,
,,22781,,,,,,,
,,22649,,,,,,,
,,23803,,,,,,,
,,22852,,,,,,,
,,21333,,,,,,,
,,23928,,,,,,,
,,14141,,,,,,,
,,22361,,,,,,,
,,22836,,,,,,,
,,18985,,,,,,,
,,23841,,,,,,,
,,18444,,,,,,,
,,16341,,,,,,,
,,22228,,,,,,,
,,22837,,,,,,,
,,10532,,,,,,,
,,23420,,,,,,,
,,22057,,,,,,,
,,22875,,,,,,,
,,7697,,,,,,,
,,22886,,,,,,,
,,18405,,,,,,,
,,15847,,,,,,,
,,18403,,,,,,,
,,23056,,,,,,,
,,22069,,,,,,,
,,7700,,,,,,,
,,22067,,,,,,,
,,15010,,,,,,,
,,23286,,,,,,,
,,21699,,,,,,,
,,22652,,,,,,,
,,22282,,,,,,,
,,18462,,,,,,,
,,21873,,,,,,,
,,19284,,,,,,,
,,9015,,,,,,,
,,21314,,,,,,,
,,21136,,,,,,,
,,22342,,,,,,,
,,11143,,,,,,,
,,23840,,,,,,,
,,23633,,,,,,,
,,21635,,,,,,,
,,1276,,,,,,,
,,21312,,,,,,,
,,20626,,,,,,,
,,23664,,,,,,,
,,11268,,,,,,,
,,22966,,,,,,,
,,23634,,,,,,,
,,21779,,,,,,,
,,11145,,,,,,,
,,21696,,,,,,,
,,7711,,,,,,,
,,22854,,,,,,,
,,23448,,,,,,,
,,23495,,,,,,,
,,22940,,,,,,,
,,21953,,,,,,,
,,15508,,,,,,,
,,23418,,,,,,,
,,23788,,,,,,,
,,22859,,,,,,,
,,22572,,,,,,,
,,19745,,,,,,,
,,21881,,,,,,,
,,9805,,,,,,,
,,22180,,,,,,,
,,22123,,,,,,,
,,23801,,,,,,,
,,23662,,,,,,,
,,21897,,,,,,,
,,11142,,,,,,,
,,11191,,,,,,,
,,19368,,,,,,,
,,18533,,,,,,,
,,23445,,,,,,,
,,18530,,,,,,,
,,21486,,,,,,,
,,12202,,,,,,,
,,10741,,,,,,,
,,9334,,,,,,,
,,23667,,,,,,,
,,18950,,,,,,,
,,21846,,,,,,,
,,22353,,,,,,,
,,22333,,,,,,,
,,23589,,,,,,,
,,19638,,,,,,,
,,22456,,,,,,,
,,20541,,,,,,,
,,23802,,,,,,,
,,18536,,,,,,,
,,23585,,,,,,,
,,1267,,,,,,,
,,22230,,,,,,,
,,18494,,,,,,,
,,22724,,,,,,,
,,22891,,,,,,,
,,23453,,,,,,,
,,23007,,,,,,,
,,22917,,,,,,,
,,21780,,,,,,,
,,23719,,,,,,,
,,18457,,,,,,,
,,23592,,,,,,,
,,23003,,,,,,,
,,11144,,,,,,,
,,15514,,,,,,,
,,23392,,,,,,,
,,18490,,,,,,,
,,23838,,,,,,,
,,23791,,,,,,,
,,18577,,,,,,,
,,22782,,,,,,,
,,21900,,,,,,,
,,22279,,,,,,,
,,21967,,,,,,,
,,21899,,,,,,,
,,23177,,,,,,,
,,23627,,,,,,,
,,18922,,,,,,,
,,22995,,,,,,,
,,21479,,,,,,,
,,18430,,,,,,,
,,22888,,,,,,,
,,21157,,,,,,,
,,14142,,,,,,,
,,10898,,,,,,,
,,22780,,,,,,,
,,18419,,,,,,,
,,18569,,,,,,,
,,23620,,,,,,,
,,22477,,,,,,,
,,22646,,,,,,,
,,12004,,,,,,,
,,22499,,,,,,,
,,12012,,,,,,,
,,21902,,,,,,,
,,21968,,,,,,,
,,22884,,,,,,,
,,12016,,,,,,,
,,22829,,,,,,,
,,18585,,,,,,,
,,7698,,,,,,,
,,15509,,,,,,,
,,21843,,,,,,,
,,23519,,,,,,,
,,23131,,,,,,,
,,23356,,,,,,,
,,11188,,,,,,,
,,23220,,,,,,,
,,21895,,,,,,,
,,23669,,,,,,,
,,22088,,,,,,,
,,22281,,,,,,,
,,18538,,,,,,,
,,23023,,,,,,,
,,22670,,,,,,,
,,19633,,,,,,,
,,15541,,,,,,,
,,15542,,,,,,,
,,22642,,,,,,,
,,22351,,,,,,,
,,22573,,,,,,,
,,22751,,,,,,,
,,22866,,,,,,,
,,22095,,,,,,,
,,21668,,,,,,,
,,21669,,,,,,,
,,18578,,,,,,,
,,23927,,,,,,,
,,19634,,,,,,,
,,22876,,,,,,,
,,22945,,,,,,,
,,21317,,,,,,,
,,22630,,,,,,,
,,23005,,,,,,,
,,23117,,,,,,,
,,22171,,,,,,,
,,22643,,,,,,,
,,22660,,,,,,,
,,22887,,,,,,,
,,23833,,,,,,,
,,23431,,,,,,,
,,23212,,,,,,,
,,23135,,,,,,,
,,18473,,,,,,,
,,15545,,,,,,,
,,22334,,,,,,,
,,23372,,,,,,,
,,8437,,,,,,,
,,21716,,,,,,,
,,12229,,,,,,,
,,22840,,,,,,,
,,21369,,,,,,,
,,23636,,,,,,,
,,22706,,,,,,,
,,23370,,,,,,,
,,22546,,,,,,,
,,7709,,,,,,,
,,23053,,,,,,,
,,18465,,,,,,,
,,23062,,,,,,,
,,23489,,,,,,,
,,22501,,,,,,,
,,20150,,,,,,,
,,19881,,,,,,,
,,23668,,,,,,,
,,21608,,,,,,,
,,15551,,,,,,,
,,21717,,,,,,,
,,22983,,,,,,,
,,15546,,,,,,,
,,21952,,,,,,,
,,22358,,,,,,,
,,10536,,,,,,,
,,19635,,,,,,,
,,13557,,,,,,,
,,21970,,,,,,,
,,22018,,,,,,,
,,21704,,,,,,,
,,20130,,,,,,,
,,21319,,,,,,,
,,22898,,,,,,,
,,18450,,,,,,,
,,22470,,,,,,,
,,23184,,,,,,,
,,7696,,,,,,,
,,22878,,,,,,,
,,23740,,,,,,,
,,23839,,,,,,,
,,14198,,,,,,,
,,22708,,,,,,,
,,18564,,,,,,,
,,22855,,,,,,,
,,22086,,,,,,,
,,22284,,,,,,,
,,13554,,,,,,,
,,23836,,,,,,,
,,18594,,,,,,,
,,21966,,,,,,,
,,21475,,,,,,,
,,22844,,,,,,,
,,22473,,,,,,,
,,22581,,,,,,,
,,23022,,,,,,,
,,22659,,,,,,,
,,22896,,,,,,,
,,22847,,,,,,,
,,22410,,,,,,,
,,18471,,,,,,,
,,18433,,,,,,,
,,23258,,,,,,,
,,22127,,,,,,,
,,18584,,,,,,,
,,18596,,,,,,,
,,22584,,,,,,,
,,23860,,,,,,,
,,23812,,,,,,,
,,23588,,,,,,,
,,18579,,,,,,,
,,18406,,,,,,,
,,21742,,,,,,,
,,17151,,,,,,,
,,22330,,,,,,,
,,18506,,,,,,,
,,22377,,,,,,,
,,18598,,,,,,,
,,22974,,,,,,,
,,23482,,,,,,,
,,8434,,,,,,,
,,22243,,,,,,,
,,18580,,,,,,,
,,13559,,,,,,,
,,18592,,,,,,,
,,22982,,,,,,,
,,21193,,,,,,,
,,14268,,,,,,,
,,22015,,,,,,,
,,22287,,,,,,,
,,23068,,,,,,,
,,22412,,,,,,,
,,12212,,,,,,,
,,22827,,,,,,,
,,22909,,,,,,,
,,18583,,,,,,,
,,22965,,,,,,,
,,22831,,,,,,,
,,22384,,,,,,,
,,18543,,,,,,,
,,22078,,,,,,,
,,22897,,,,,,,
,,18587,,,,,,,
,,23122,,,,,,,
,,23019,,,,,,,
,,22132,,,,,,,
,,23234,,,,,,,
,,19632,,,,,,,
,,18509,,,,,,,
,,22843,,,,,,,
,,21721,,,,,,,
,,23475,,,,,,,
,,21750,,,,,,,
,,21783,,,,,,,
,,23380,,,,,,,
,,22484,,,,,,,
,,21969,,,,,,,
,,12216,,,,,,,
,,18451,,,,,,,
,,17157,,,,,,,
,,22968,,,,,,,
,,21606,,,,,,,
,,22082,,,,,,,
,,22716,,,,,,,
,,22346,,,,,,,
,,23767,,,,,,,
,,21203,,,,,,,
,,23303,,,,,,,
,,11189,,,,,,,
,,22880,,,,,,,
,,21708,,,,,,,
,,23366,,,,,,,
,,21901,,,,,,,
,,22194,,,,,,,
,,21720,,,,,,,
,,22853,,,,,,,
,,23631,,,,,,,
,,23120,,,,,,,
,,21782,,,,,,,
,,10533,,,,,,,
,,18427,,,,,,,
,,15507,,,,,,,
,,23871,,,,,,,
,,10896,,,,,,,
,,22462,,,,,,,
,,7649,,,,,,,
,,22485,,,,,,,
,,18604,,,,,,,
,,22870,,,,,,,
,,15549,,,,,,,
,,22871,,,,,,,
,,18563,,,,,,,
,,14140,,,,,,,
,,22651,,,,,,,
,,22885,,,,,,,
,,23416,,,,,,,
,,23538,,,,,,,
,,22348,,,,,,,
,,23449,,,,,,,
,,15833,,,,,,,
,,12028,,,,,,,
,,18453,,,,,,,
,,22889,,,,,,,
,,22143,,,,,,,
,,11996,,,,,,,
,,23508,,,,,,,
,,18549,,,,,,,
,,21367,,,,,,,
,,22664,,,,,,,
,,19739,,,,,,,
,,22585,,,,,,,
,,18497,,,,,,,
,,22839,,,,,,,
,,23433,,,,,,,
,,22622,,,,,,,
,,22970,,,,,,,
,,21307,,,,,,,
,,22227,,,,,,,
,,12215,,,,,,,
,,20637,,,,,,,
,,18575,,,,,,,
,,23862,,,,,,,
,,21139,,,,,,,
,,21232,,,,,,,
,,20628,,,,,,,
,,23391,,,,,,,
,,22580,,,,,,,
,,455,,,,,,,
,,18542,,,,,,,
,,18535,,,,,,,
,,22967,,,,,,,
,,22842,,,,,,,
,,19641,,,,,,,
,,21786,,,,,,,
,,15830,,,,,,,
,,10531,,,,,,,
,,23051,,,,,,,
,,20540,,,,,,,
,,23393,,,,,,,
,,22556,,,,,,,
,,12224,,,,,,,
,,24052,,,,,,,
,,18550,,,,,,,
,,22360,,,,,,,
,,18420,,,,,,,
,,21597,,,,,,,
,,23480,,,,,,,
,,12235,,,,,,,
,,22647,,,,,,,
,,18495,,,,,,,
,,22012,,,,,,,
,,21959,,,,,,,
,,23109,,,,,,,
,,23099,,,,,,,
,,14137,,,,,,,
,,22286,,,,,,,
,,12007,,,,,,,
,,23951,,,,,,,
,,12041,,,,,,,
,,21874,,,,,,,
,,19639,,,,,,,
,,22016,,,,,,,
,,21733,,,,,,,
,,18452,,,,,,,
,,22372,,,,,,,
,,23040,,,,,,,
,,11190,,,,,,,
,,23443,,,,,,,
,,11193,,,,,,,
,,21363,,,,,,,
,,18507,,,,,,,
,,23300,,,,,,,
,,22972,,,,,,,
,,12223,,,,,,,
,,18499,,,,,,,
,,18404,,,,,,,
,,22882,,,,,,,
,,23477,,,,,,,
,,18591,,,,,,,
,,23096,,,,,,,
,,18555,,,,,,,
,,18948,,,,,,,
,,22388,,,,,,,
,,22635,,,,,,,
,,21388,,,,,,,
,,23781,,,,,,,
,,12008,,,,,,,
,,22393,,,,,,,
,,20542,,,,,,,
,,23101,,,,,,,
,,22229,,,,,,,
,,16404,,,,,,,
,,23374,,,,,,,
,,10535,,,,,,,
,,23868,,,,,,,
,,23452,,,,,,,
,,14283,,,,,,,
,,22582,,,,,,,
,,18556,,,,,,,
,,23377,,,,,,,
,,23645,,,,,,,
,,18566,,,,,,,
,,23450,,,,,,,
,,22894,,,,,,,
,,22486,,,,,,,
,,23052,,,,,,,
,,22900,,,,,,,
,,23321,,,,,,,
,,10897,,,,,,,
,,18486,,,,,,,
,,22634,,,,,,,
,,18492,,,,,,,
,,23211,,,,,,,
,,10534,,,,,,,
,,12201,,,,,,,
,,12236,,,,,,,
,,21602,,,,,,,
,,12034,,,,,,,
,,22864,,,,,,,
,,23795,,,,,,,
,,23872,,,,,,,
,,21138,,,,,,,
,,22579,,,,,,,
,,23808,,,,,,,
,,23008,,,,,,,
,,22846,,,,,,,
,,12210,,,,,,,
,,16153,,,,,,,
,,18424,,,,,,,
,,22825,,,,,,,
,,21839,,,,,,,
,,23128,,,,,,,
,,22557,,,,,,,
,,23095,,,,,,,
,,18488,,,,,,,
,,22899,,,,,,,
,,22830,,,,,,,
,,23338,,,,,,,
,,18460,,,,,,,
,,20636,,,,,,,
,,23103,,,,,,,
,,12218,,,,,,,
,,18476,,,,,,,
,,18321,,,,,,,
,,22339,,,,,,,
,,18443,,,,,,,
,,23515,,,,,,,
,,23485,,,,,,,
,,18582,,,,,,,
,,23499,,,,,,,
,,22901,,,,,,,
,,12213,,,,,,,
,,23486,,,,,,,
,,22903,,,,,,,
,,21753,,,,,,,
,,23623,,,,,,,
,,12228,,,,,,,
,,22285,,,,,,,
,,21718,,,,,,,
,,22521,,,,,,,
,,23213,,,,,,,
,,23054,,,,,,,
,,23090,,,,,,,
,,22464,,,,,,,
,,23124,,,,,,,
,,18603,,,,,,,
,,19637,,,,,,,
,,24049,,,,,,,
,,18421,,,,,,,
,,22617,,,,,,,
,,21872,,,,,,,
,,18601,,,,,,,
,,22396,,,,,,,
,,23498,,,,,,,
,,18429,,,,,,,
,,23036,,,,,,,
,,23127,,,,,,,
,,12211,,,,,,,
,,22463,,,,,,,
,,21719,,,,,,,
,,18545,,,,,,,
,,23035,,,,,,,
,,18431,,,,,,,
,,22087,,,,,,,
,,22985,,,,,,,
